'S',24.37353515625,103.0654296875
Key.shift_r,24.37353515625,144.04638671875
'a',199.448974609375,80.203125
'm',167.601806640625,96.5712890625
'a',120.579345703125,120.1923828125
't',256.144775390625,87.318115234375
'h',95.319580078125,88.57568359375
'a',72.3798828125,80.379150390625
Key.space,72.3798828125,87.127197265625
'i',192.26220703125,79.80078125
's',95.14892578125,72.114990234375
Key.space,120.623291015625,71.558837890625
'a',111.70849609375,88.394287109375
Key.space,79.455322265625,87.969970703125
's',79.455322265625,88.766357421875
't',168.05126953125,96.385498046875
'a',79.8837890625,96.14111328125
't',87.578369140625,127.94091796875
'e',71.91015625,87.80712890625
Key.space,71.91015625,88.3740234375
'i',217.455810546875,71.387451171875
'n',174.508544921875,64.3896484375
Key.space,143.9521484375,80.158203125
'w',79.697998046875,95.755126953125
'h',79.697998046875,72.521728515625
'i',273.06298828125,87.7099609375
'c',55.660888671875,112.2001953125
'h',55.660888671875,88.744873046875
Key.space,176.012451171875,87.89599609375
't',87.90283203125,104.180908203125
'h',87.90283203125,80.248291015625
'e',104.29052734375,72.029052734375
Key.space,80.01171875,88.011474609375
'm',80.01171875,88.000244140625
'i',191.851318359375,64.00048828125
'n',144.05224609375,64.06591796875
'd',128.325439453125,103.848876953125
Key.space,112.3017578125,71.410400390625
'i',183.19921875,64.633544921875
's',80.746337890625,71.8994140625
Key.space,96.041015625,79.92041015625
'b',119.883056640625,71.738525390625
'o',200.63623046875,71.218994140625
'r',359.952880859375,55.077880859375
Key.backspace,167.517578125,56.072998046875
Key.backspace,127.265869140625,88.205322265625
Key.backspace,160.18701171875,47.999755859375
'b',424.484130859375,71.486083984375
'r',103.505615234375,104.211669921875
'o',120.211669921875,96.936279296875
'u',175.716552734375,88.926025390625
'g',95.9384765625,97.219970703125
'h',105.238525390625,71.480712890625
Key.space,151.18994140625,87.539306640625
't',127.537109375,80.32666015625
'o',88.641357421875,47.505859375
Key.space,135.37451171875,56.657958984375
Key.backspace,192.24560546875,56.205322265625
Key.backspace,119.85791015625,56.511474609375
Key.backspace,136.114990234375,48.552978515625
Key.backspace,120.422119140625,63.981201171875
't',127.322021484375,80.71435546875
Key.space,88.783447265625,79.810791015625
't',55.930419921875,79.90234375
'o',55.930419921875,88.216552734375
Key.space,89.027587890625,96.097900390625
'r',79.351318359375,134.91357421875
'e',79.351318359375,63.564453125
's',136.31591796875,79.93505859375
't',48.3857421875,80.4189453125
"','",48.3857421875,96.12939453125
Key.space,56.200439453125,71.59814453125
'f',56.200439453125,104.316162109375
'o',127.347900390625,88.14404296875
'c',104.427978515625,95.7451171875
'u',144.265869140625,63.401123046875
's',71.572021484375,72.4677734375
'e',152.465087890625,63.54052734375
'd',87.91357421875,95.90869140625
Key.space,87.91357421875,73.12060546875
'o',160.011474609375,64.060546875
'n',128.060546875,63.933837890625
'l',159.95654296875,96.68408203125
'y',112.05029296875,81.129638671875
Key.space,112.220703125,80.005859375
'o',176.078369140625,71.203857421875
'n',127.84716796875,79.68115234375
Key.space,183.883544921875,79.779296875
'o',207.951171875,63.5615234375
'n',128.281005859375,72.186767578125
'e',87.825927734375,95.841796875
Key.space,87.825927734375,72.694580078125
't',39.64892578125,96.51171875
'i',39.64892578125,80.1416015625
'm',184.470947265625,88.015869140625
Key.backspace,231.967041015625,56.063232421875
Key.backspace,136.217529296875,55.65966796875
Key.backspace,127.88916015625,72.0712890625
'i',257.002197265625,78.846923828125
't',120.11572265625,128.0185546875
'e',120.11572265625,87.941650390625
'm',151.801025390625,80.577392578125
Key.space,168.322998046875,71.3076171875
'a',87.306396484375,104.70849609375
'n',112.837890625,79.580322265625
'd',143.245361328125,112.74853515625
Key.space,119.890380859375,80.762451171875
'n',112.894775390625,79.275390625
'o',400.17041015625,71.841796875
't',127.37646484375,95.63916015625
Key.space,151.970703125,79.857666015625
'a',63.831298828125,95.419189453125
'l',63.831298828125,87.951904296875
'l',151.808349609375,63.697265625
'o',88.028564453125,96.028076171875
'w',88.028564453125,63.645751953125
'e',136.07763671875,64.10400390625
'd',72.48974609375,88.43994140625
Key.space,72.48974609375,79.48095703125
't',39.422119140625,72.5595703125
'o',39.422119140625,72.3740234375
Key.space,56.416015625,72.443603515625
'w',96.102294921875,112.042236328125
'a',96.03173828125,111.978759765625
'n',96.03173828125,87.94384765625
'd',336.288818359375,71.9326171875
'e',72.387451171875,119.973388671875
'r',72.387451171875,80.19921875
'.',96.368408203125,95.23583984375
Key.space,199.889892578125,63.58447265625
'W',24.282470703125,55.914794921875
Key.shift_r,24.282470703125,104.38525390625
'h',135.62646484375,88.230712890625
'e',175.923095703125,80.765869140625
'n',105.06591796875,71.430908203125
Key.space,56.229736328125,80.41650390625
't',56.229736328125,71.94970703125
'h',143.767578125,71.728759765625
'i',80.661865234375,71.6064453125
's',119.666015625,87.75634765625
Key.space,112.17578125,87.299560546875
'i',208.259033203125,86.88671875
's',118.963623046875,88.6650390625
Key.space,120.625244140625,80.01708984375
'd',88.546875,104.72705078125
'o',88.546875,55.511474609375
'n',119.42431640625,80.666748046875
'e',128.00048828125,72.180908203125
"','",89.245849609375,87.786376953125
Key.space,183.1142578125,72.210693359375
'a',80.205322265625,95.82470703125
Key.space,136.078125,87.824951171875
'd',111.99853515625,88.069580078125
'e',135.38037109375,80.114501953125
'e',79.833984375,87.826904296875
'p',79.833984375,95.561767578125
Key.space,56.115966796875,80.115966796875
'c',112.001708984375,135.999755859375
'a',80.03955078125,95.999755859375
'l',80.03955078125,87.29833984375
'm',135.872802734375,80.48828125
Key.space,176.424560546875,63.5517578125
'p',199.343505859375,87.95361328125
'e',40.52587890625,112.58642578125
'r',40.52587890625,88.06103515625
'v',191.650634765625,80.191162109375
'a',112.220703125,96.251708984375
'd',104.0029296875,112.00244140625
'e',104.0029296875,64.21044921875
's',119.85498046875,96.040283203125
Key.space,127.487548828125,87.931396484375
'b',160.47607421875,71.66943359375
'o',79.844970703125,87.7861328125
'd',120.0712890625,71.624267578125
'y',175.66748046875,72.848388671875
Key.space,103.865966796875,72.49755859375
'a',87.74560546875,95.672119140625
'n',87.74560546875,80.21533203125
'd',71.229248046875,87.301513671875
Key.space,71.229248046875,72.39501953125
'm',104.626953125,79.556884765625
'i',184.52197265625,55.52734375
'n',110.916015625,72.360595703125
'd',79.96142578125,87.871337890625
"','",79.96142578125,63.50341796875
Key.space,160.17578125,63.349365234375
'a',79.460693359375,79.888916015625
Key.space,120.218017578125,71.579833984375
's',87.76416015625,87.981689453125
't',151.713134765625,80.818115234375
'a',64.592041015625,104.156005859375
't',80.016845703125,143.4677734375
'e',79.53564453125,87.6337890625
Key.space,79.53564453125,72.444091796875
'o',72.41455078125,80.333740234375
'f',72.41455078125,79.588134765625
Key.space,95.53955078125,80.600341796875
't',79.267822265625,127.86767578125
'r',79.267822265625,80.758056640625
'a',152.763671875,95.98681640625
'n',103.041748046875,88.95556640625
'q',168.564453125,88.3837890625
'u',112.40869140625,79.222412109375
'i',223.858154296875,55.5322265625
'l',168.0654296875,79.847900390625
'i',151.591064453125,80.0673828125
't',97.065185546875,70.584228515625
'y',142.818115234375,79.912841796875
Key.space,112.920166015625,87.1650390625
'w',143.7119140625,96.011474609375
'h',175.595703125,112.012451171875
'i',199.9970703125,71.56103515625
'c',88.8046875,104.798583984375
'h',88.8046875,63.789306640625
Key.space,151.92138671875,87.613525390625
'm',119.8369140625,80.108642578125
'u',40.52734375,64.83203125
's',40.52734375,55.6728515625
't',103.98779296875,88.110595703125
Key.space,96.0966796875,87.928955078125
'b',143.500732421875,63.78125
'e',120.91796875,63.3955078125
Key.space,63.80322265625,79.833984375
'e',63.80322265625,88.12841796875
'x',144.395751953125,111.90478515625
'p',119.8984375,127.26025390625
'e',64.365478515625,112.705078125
'r',103.826416015625,111.82421875
'i',72.060791015625,79.977294921875
'e',72.060791015625,103.617919921875
'i',160.251708984375,63.72412109375
Key.backspace,448.068115234375,63.992919921875
'n',192.130615234375,80.02734375
'c',72.42138671875,80.4208984375
'e',72.42138671875,103.80712890625
'd',136.043701171875,104.09912109375
Key.space,112.09130859375,79.86669921875
't',78.89599609375,86.8935546875
'o',78.89599609375,71.991943359375
Key.space,40.2939453125,31.424072265625
'b',40.2939453125,79.629150390625
'e',176.499755859375,87.03076171875
Key.backspace,183.401123046875,47.48486328125
Key.backspace,119.28271484375,56.580322265625
Key.backspace,120.515380859375,55.564697265625
Key.space,80.559814453125,88.52978515625
'b',80.559814453125,63.898193359375
'e',80.033203125,87.69287109375
Key.space,103.65771484375,80.32958984375
'u',176.497802734375,95.998779296875
'n',71.854248046875,96.796142578125
'd',71.854248046875,72.090576171875
'e',87.770263671875,143.861572265625
'r',87.770263671875,72.126220703125
's',367.642333984375,79.952880859375
't',120.254638671875,72.75
'o',80.756591796875,63.712158203125
'o',118.94677734375,80.087158203125
'd',104.2548828125,87.851318359375
'.',375.9306640625,55.992431640625
'I',88.293701171875,79.56396484375
Key.shift_r,88.293701171875,176.532958984375
'n',231.978759765625,111.75
't',305.945068359375,142.468017578125
'r',149.6884765625,96.189208984375
'i',128.60205078125,88.310302734375
'g',135.82080078125,104.198974609375
'u',128.021728515625,88.74560546875
'e',112.41455078125,88.1279296875
'd',111.35498046875,104.1728515625
Key.space,112.2705078125,103.403076171875
'b',127.575439453125,63.9169921875
'y',176.436279296875,112.869140625
Key.space,88.23876953125,104.221923828125
't',88.23876953125,95.413818359375
'h',103.321044921875,95.91455078125
'a',64.75,120.34912109375
't',64.75,112.0439453125
Key.space,119.1142578125,72.261474609375
'e',120.7705078125,119.78955078125
'n',127.820068359375,103.91015625
'i',264.224609375,80.1005859375
'g',159.964111328125,112.408203125
'm',183.808837890625,96.1162109375
'a',160.32080078125,79.49169921875
"','",112.079833984375,87.944091796875
Key.space,159.37744140625,96.094970703125
'h',144.40673828125,87.86328125
'e',128.2509765625,80.148193359375
Key.space,88.19287109375,79.671630859375
'd',96.85009765625,104.89697265625
'u',96.85009765625,80.037109375
'g',111.035888671875,80.539306640625
Key.space,112.894775390625,87.88671875
's',96.056640625,104.023193359375
'o',112.024169921875,71.853759765625
Key.space,55.56005859375,79.82666015625
'd',113.034423828125,120.025146484375
'e',113.034423828125,63.573486328125
'e',111.061279296875,80.78955078125
'p',112.153076171875,88.6220703125
'l',136.14501953125,95.893798828125
'y',159.93212890625,80.390869140625
Key.space,104.38134765625,79.866943359375
'i',159.623779296875,56.4384765625
'n',87.8134765625,80.802734375
't',184.580322265625,79.89404296875
'o',87.8173828125,79.74072265625
Key.space,168.259765625,79.14208984375
'h',151.744384765625,79.94921875
'e',55.914306640625,104.205810546875
'r',55.914306640625,96.46337890625
Key.space,104.4541015625,87.904052734375
's',112.060546875,79.831787109375
'e',88.60302734375,112.5771484375
'n',88.60302734375,95.688720703125
't',135.82421875,95.96240234375
'i',103.85791015625,80.017578125
'm',86.867919921875,94.861572265625
'e',86.867919921875,104.700927734375
'n',71.691650390625,88.65673828125
't',71.691650390625,80.226318359375
's',152.71044921875,63.78076171875
Key.space,70.902099609375,96.805419921875
't',80.77587890625,96.729736328125
'h',95.69091796875,103.76025390625
'a',72.38232421875,104.41748046875
't',72.15087890625,87.276611328125
Key.space,72.15087890625,80.05126953125
'i',183.376708984375,72.520263671875
'n',112.0791015625,104.12548828125
Key.space,48.40771484375,80.564697265625
's',48.40771484375,71.521240234375
'e',16.12939453125,159.89599609375
'r',16.12939453125,95.59375
'a',16.12939453125,119.84619140625
'c',119.68017578125,127.576904296875
'h',119.68017578125,88.406005859375
Key.space,176.73779296875,95.1181640625
'o',80.78466796875,88.78173828125
'f',80.78466796875,78.9970703125
Key.space,86.90625,63.9501953125
'i',152.666748046875,55.513916015625
'n',96.963134765625,103.978759765625
't',96.963134765625,86.435302734375
'e',7.028076171875,103.15380859375
't',7.028076171875,55.964599609375
'r',7.028076171875,95.232421875
Key.backspace,384.556396484375,55.372314453125
'e',239.701171875,72.438232421875
's',192.2490234375,64.376953125
't',103.83837890625,88.315185546875
Key.space,96.32470703125,87.309326171875
'h',96.277587890625,104.244140625
'e',96.277587890625,79.413330078125
Key.space,95.5166015625,87.89501953125
'f',63.62646484375,79.858642578125
'o',63.62646484375,95.947998046875
'u',199.917236328125,80.199462890625
'n',159.3330078125,80.700439453125
'd',71.732666015625,87.85791015625
Key.space,71.732666015625,63.593017578125
'l',167.984619140625,71.82421875
'o',159.86328125,71.60546875
'v',88.009765625,96.381591796875
'e',39.41845703125,71.5380859375
"','",39.41845703125,80.296630859375
Key.space,176.09716796875,71.947509765625
'b',96.247802734375,55.606689453125
'e',296.462158203125,79.0693359375
'c',167.533447265625,79.456787109375
'a',80.2900390625,96.226806640625
'u',79.911865234375,87.9130859375
's',79.911865234375,48.516357421875
'e',112.0146484375,79.854248046875
Key.space,80.66259765625,87.662109375
'b',80.66259765625,87.873291015625
'y',191.528564453125,72.83544921875
Key.space,103.9541015625,104.258544921875
't',112.236328125,95.806884765625
'r',200.706787109375,31.28955078125
'r',63.49560546875,87.96533203125
'y',136.35302734375,55.63134765625
'i',104.09619140625,47.2900390625
Key.backspace,199.438232421875,63.841552734375
Key.backspace,135.52294921875,56.482421875
Key.backspace,103.898681640625,72.08740234375
'y',96.403564453125,87.846435546875
'i',111.8427734375,72.462890625
'n',80.595458984375,88.596923828125
'g',80.595458984375,80.19384765625
Key.space,112.490966796875,71.0830078125
't',72.56787109375,87.553466796875
'o',72.56787109375,64.41845703125
Key.space,135.72705078125,95.909423828125
'm',159.262451171875,57.027587890625
'a',87.976318359375,96.821533203125
'k',104.819580078125,56.05712890625
'e',56.57275390625,88.262451171875
Key.space,56.57275390625,71.98095703125
'h',55.981689453125,72.08447265625
'e',71.755126953125,120.202880859375
'r',71.94140625,97.123779296875
Key.space,71.94140625,72.2939453125
'l',168.295654296875,71.842041015625
'o',175.74560546875,56.199462890625
'v',47.537109375,79.98583984375
'e',47.537109375,95.9013671875
Key.space,103.931884765625,80.060546875
'h',80.01025390625,87.986572265625
'i',80.01025390625,79.966064453125
'm',152.3740234375,72.0419921875
Key.space,167.89892578125,71.821044921875
'h',175.943603515625,79.623291015625
'e',103.94189453125,87.748046875
Key.space,95.856201171875,79.8115234375
'e',88.756103515625,87.61669921875
'n',135.830322265625,96.046630859375
'd',152.0009765625,96.2744140625
'e',119.3525390625,72.744384765625
'd',55.20556640625,95.423583984375
Key.space,55.20556640625,72.26806640625
'u',168.50927734375,79.40869140625
'p',191.605712890625,63.9541015625
Key.space,48.25244140625,64.267822265625
'f',80.0341796875,88.026611328125
'a',71.5595703125,88.50439453125
'l',71.5595703125,72.397216796875
'l',128.27001953125,63.896484375
'i',152.05224609375,48.421630859375
'n',103.77294921875,81.42041015625
'g',55.376220703125,71.368408203125
Key.space,55.376220703125,72.486328125
'i',136.241455078125,71.96484375
'n',103.920654296875,71.584228515625
Key.space,143.75,56.5234375
'l',176.51025390625,80.900146484375
'o',56.416015625,72.4150390625
'v',64.031982421875,95.755859375
'e',79.87939453125,96.167724609375
Key.space,79.87939453125,88.149169921875
'w',71.682373046875,103.014404296875
'i',71.682373046875,87.912109375
't',119.966796875,88.070068359375
'h',96.06640625,48.11865234375
Key.space,135.422607421875,88.947998046875
'h',144.338134765625,71.840576171875
'e',56.083740234375,112.657470703125
'r',56.083740234375,95.663330078125
'.',103.5654296875,112.0458984375
'B',250.287109375,38.327392578125
Key.shift_r,250.287109375,496.794677734375
'B',13.346923828125,167.9658203125
Key.shift_r,13.346923828125,253.045654296875
'u',519.80322265625,88.1455078125
't',151.97900390625,79.576416015625
Key.space,87.527587890625,88.3681640625
'i',191.920166015625,88.78125
't',128.61767578125,81.195068359375
Key.space,103.97607421875,64.1123046875
'i',144.06787109375,88.097412109375
's',88.376220703125,96.11669921875
Key.space,88.376220703125,80.422607421875
'i',192.379150390625,79.70361328125
'm',160.12060546875,71.442626953125
'p',192.582763671875,71.782958984375
'o',159.276611328125,80.05078125
'r',104.017333984375,64.620361328125
't',144.0341796875,87.559814453125
'a',192.08935546875,135.3974609375
'n',183.70556640625,120.4423828125
't',167.67724609375,249.2763671875
Key.space,600.267333984375,88.520751953125
't',72.578125,88.105712890625
'o',72.578125,87.09130859375
Key.space,199.442138671875,71.994873046875
'k',151.765625,79.853759765625
'n',120.12548828125,72.3173828125
'o',160.49462890625,71.78515625
'w',127.462890625,96.119140625
Key.space,105.05615234375,86.91357421875
't',55.507568359375,95.83984375
'h',55.507568359375,79.758544921875
'i',184.145263671875,72.48974609375
's',127.947021484375,81.058837890625
"','",88.117431640625,80.267333984375
Key.space,159.78173828125,64.614501953125
't',80.50390625,96.62548828125
'o',80.50390625,71.344482421875
Key.space,135.790771484375,80.091064453125
'k',151.563232421875,72.072021484375
'n',112.357177734375,64.309814453125
'o',72.102783203125,80.104736328125
'w',72.102783203125,79.3662109375
Key.space,87.386474609375,72.302734375
'y',47.544921875,96.119873046875
'o',47.544921875,72.581787109375
'u',175.76220703125,65.04345703125
'r',88.089599609375,88.59375
Key.space,96.5576171875,71.671142578125
'r',151.571533203125,80.069091796875
'o',88.06005859375,56.44873046875
'o',80.02783203125,87.97802734375
't',80.02783203125,87.865966796875
's',183.71630859375,88.556884765625
'.',112.556884765625,88.0751953125
Key.space,200.337158203125,55.21630859375
Key.shift_r,55.6826171875,127.3818359375
'o',183.978759765625,64.377197265625
Key.space,152.23193359375,71.7666015625
'k',144.12841796875,71.525390625
'n',112.031494140625,72.000732421875
'o',143.85009765625,71.87255859375
'w',71.89208984375,88.021484375
Key.space,71.89208984375,79.91943359375
'w',88.089599609375,72.5009765625
'h',47.21484375,79.13671875
'e',104.022705078125,112.960693359375
'r',80.036376953125,113.0400390625
'e',72.12060546875,88.29443359375
Key.space,72.12060546875,88.568359375
'y',40.33740234375,64.803955078125
'o',40.33740234375,79.79736328125
'u',191.732177734375,72.25927734375
Key.space,47.6767578125,79.634521484375
's',47.6767578125,112.372314453125
't',144.41845703125,104.0205078125
'a',80.58984375,112.33251953125
'r',80.58984375,79.781005859375
't',79.71875,87.622802734375
'e',79.71875,88.545654296875
'd',168.101806640625,89.099365234375
Key.space,104.085693359375,80.164794921875
'a',79.342041015625,119.99072265625
's',79.342041015625,88.72265625
Key.space,112.013916015625,80.5458984375
'a',104.654296875,104.139892578125
Key.space,112.15185546875,63.536865234375
'p',71.918212890625,103.587646484375
'e',55.597412109375,104.073974609375
'r',55.597412109375,72.499755859375
's',55.625244140625,96.172607421875
'o',55.625244140625,72.8095703125
'n',136.60302734375,72.0419921875
'.',208.485595703125,79.002685546875
Key.space,198.921142578125,72.6923828125
'I',120.036865234375,79.999267578125
Key.shift_r,120.036865234375,256.036865234375
'f',264.000244140625,63.725830078125
Key.space,120.222900390625,72.24169921875
'n',88.24169921875,63.443603515625
'o',191.31884765625,79.99609375
't',63.671630859375,71.773193359375
"','",63.671630859375,72.619384765625
Key.space,144.4501953125,71.787353515625
'y',95.97119140625,87.6806640625
'o',95.854736328125,47.646728515625
'u',135.772216796875,71.969970703125
'r',79.43408203125,87.39111328125
Key.space,79.43408203125,63.586669921875
'o',159.231689453125,72.052490234375
'w',79.611572265625,95.6455078125
'n',79.611572265625,79.51953125
Key.space,151.30908203125,72.50439453125
'l',168.368896484375,72.50634765625
'i',168.530517578125,71.780029296875
'f',56.09423828125,95.74609375
'e',56.09423828125,79.962890625
Key.space,103.35400390625,80.03173828125
's',144.302001953125,63.970458984375
'e',135.7021484375,63.75927734375
'e',104.235107421875,72.292724609375
'm',88.308837890625,79.504638671875
's',95.533447265625,80.308349609375
Key.space,96.299072265625,79.484130859375
'u',240.7255859375,63.21728515625
'n',134.94482421875,87.984130859375
'r',87.42333984375,126.8876953125
'e',96.043212890625,104.041015625
'a',79.349609375,95.473876953125
'l',79.349609375,80.697265625
Key.space,152.560302734375,71.913818359375
't',56.036865234375,72.202880859375
'o',56.036865234375,55.876708984375
Key.space,136.322509765625,63.419189453125
'y',55.782958984375,63.7060546875
'o',55.782958984375,64.5009765625
'u',144.3974609375,48.30419921875
'.',216.194580078125,71.526123046875
Key.space,175.907958984375,56.275390625
Key.shift_r,144.974853515625,223.512451171875
'i',199.2373046875,63.747314453125
'k',127.91650390625,79.638916015625
'e',104.7802734375,78.7998046875
Key.space,119.059326171875,64.0009765625
'a',112.3349609375,88.039306640625
Key.space,96.043212890625,63.150390625
'p',247.908203125,95.51708984375
'u',64.650634765625,72.652099609375
'z',64.650634765625,72.332763671875
'z',119.5576171875,87.77197265625
'l',152.68798828125,111.38525390625
'e',183.21923828125,55.7470703125
'.',169.066650390625,95.015625
Key.space,222.75244140625,56.4384765625
Key.shift_r,175.776123046875,248.158203125
'i',8.0732421875,39.251708984375
'u',8.0732421875,55.344482421875
Key.backspace,351.703125,63.96484375
Key.backspace,136.625,78.97509765625
'i',199.19580078125,80.571533203125
'k',63.86474609375,71.789794921875
'e',63.86474609375,79.422607421875
Key.space,111.88330078125,47.602294921875
'y',104.99267578125,78.6572265625
'o',87.58154296875,46.84130859375
'u',160.319091796875,55.297607421875
Key.space,135.321044921875,80.04345703125
'h',31.578125,71.954833984375
'a',31.578125,127.95849609375
'v',32.214599609375,87.660400390625
'e',32.214599609375,87.999755859375
Key.space,95.98095703125,79.458984375
'm',103.591796875,56.50390625
'i',40.159423828125,63.291015625
's',40.159423828125,87.8046875
's',135.98486328125,87.925048828125
'e',135.3603515625,80.828857421875
'd',104.8818359375,71.576171875
Key.space,79.688720703125,80.097900390625
't',87.1181640625,104.362060546875
'h',87.1181640625,80.753173828125
'e',79.81396484375,87.75537109375
Key.space,79.81396484375,87.925048828125
'b',136.473388671875,63.652099609375
'e',86.907958984375,88.978515625
'g',136.481689453125,80.292236328125
'i',88.291748046875,71.615966796875
'n',151.95703125,63.82177734375
'n',119.474853515625,64.443603515625
'i',136.3095703125,64.5
'n',103.62158203125,71.901611328125
'g',72.911376953125,88.28662109375
Key.space,72.911376953125,71.6875
'o',151.409912109375,79.796142578125
'f',80.1376953125,88.108154296875
Key.space,80.1376953125,72.568359375
'a',104.694091796875,103.95166015625
Key.space,72.7763671875,80.889892578125
's',72.7763671875,95.9716796875
't',159.57763671875,87.892578125
'o',79.14306640625,87.10791015625
'r',79.14306640625,72.56298828125
'y',54.75341796875,62.7529296875
Key.space,54.75341796875,80.97509765625
'a',71.9501953125,104.138671875
'n',71.9501953125,73.287353515625
'd',184.384765625,95.869384765625
Key.space,143.410400390625,127.980224609375
'n',257.292724609375,86.9736328125
'o',182.82373046875,72.15478515625
'w',80.2646484375,88.19140625
Key.space,104.335205078125,71.93408203125
'u',255.83984375,79.634765625
Key.backspace,360.245361328125,63.742919921875
'y',95.777587890625,87.8408203125
'o',95.81689453125,79.609619140625
'u',152.253662109375,47.988525390625
Key.space,55.898193359375,79.8876953125
'a',80.482666015625,111.63916015625
'r',55.443115234375,119.816162109375
'e',72.359130859375,95.86669921875
Key.space,72.359130859375,56.12548828125
'i',143.79150390625,71.69873046875
'n',175.731689453125,57.31591796875
Key.space,168.5205078125,87.60009765625
't',71.4755859375,119.015625
'h',71.4755859375,79.974853515625
'e',47.7177734375,87.337158203125
Key.space,47.7177734375,80.03125
'm',95.963134765625,63.680908203125
'i',151.43896484375,56.3486328125
'd',120.84716796875,15.01220703125
'i',23.167236328125,24.474609375
Key.backspace,352.549560546875,63.5771484375
'd',151.724365234375,80.519287109375
'd',135.71533203125,40.1650390625
Key.backspace,264.080810546875,64.63525390625
'l',168.842041015625,88.183837890625
'e',104.177734375,86.84326171875
Key.space,94.81591796875,64.222412109375
'o',136.30322265625,71.746337890625
'f',72.368896484375,104.495849609375
Key.space,72.368896484375,72.39013671875
'i',129.019775390625,78.719970703125
't',110.72119140625,80.105224609375
"','",88.024658203125,80.7568359375
Key.space,87.81884765625,95.81982421875
't',87.81884765625,96.300537109375
'r',104.932861328125,127.93798828125
'y',104.932861328125,87.8212890625
'i',95.818603515625,55.880615234375
'n',95.0380859375,72.741455078125
'g',88.9033203125,71.681884765625
Key.space,87.917724609375,71.764892578125
't',87.700439453125,80.420654296875
'o',88.442626953125,71.987060546875
Key.space,143.564453125,56.450927734375
'u',127.852783203125,72.55126953125
'n',6.94970703125,63.618896484375
'd',6.94970703125,64.715576171875
'e',80.81689453125,112.229736328125
'r',295.030517578125,88.56396484375
's',176.79248046875,72.069580078125
't',103.438232421875,88.796142578125
'a',112.793212890625,103.994873046875
'n',119.407958984375,63.958740234375
'd',120.1455078125,87.48583984375
'.',119.513671875,104.000732421875
'C',208.658203125,119.196533203125
Key.shift_r,208.658203125,376.570556640625
Key.shift_r,56.26123046875,151.704345703125
'a',223.383544921875,119.78955078125
'r',159.819091796875,64.265625
'd',143.73779296875,112.901123046875
'a',95.868408203125,103.864501953125
'n',95.868408203125,71.91162109375
"""'""",256.398681640625,95.109130859375
's',135.814453125,87.594970703125
Key.space,87.583984375,95.583984375
'g',87.583984375,104.245361328125
'a',120.216552734375,119.994873046875
'z',160.019287109375,63.353271484375
'e',167.35205078125,88.892578125
Key.space,72.512939453125,88.5810546875
'c',72.512939453125,96.36962890625
'a',119.772216796875,112.196533203125
't',160.6787109375,80.604248046875
'c',88.275390625,103.853271484375
'h',88.275390625,88.0498046875
'e',96.021484375,47.7724609375
's',119.595947265625,32.22607421875
Key.space,79.410888671875,87.408935546875
'm',79.410888671875,127.82421875
'i',247.75390625,56.564453125
'n',112.17236328125,80.44677734375
'e',128.03125,71.99169921875
"','",96.11865234375,72.57958984375
Key.space,79.84033203125,87.80322265625
'a',79.84033203125,105.072509765625
'n',128.1748046875,96.25390625
'd',72.53515625,88.75732421875
Key.space,72.53515625,63.77880859375
Key.shift_r,72.613525390625,176.965087890625
Key.space,207.453857421875,88.6064453125
'c',79.873046875,104.012939453125
'b',8.007080078125,48.39013671875
'n',8.007080078125,48.513427734375
'a',8.007080078125,128.027099609375
Key.backspace,336.22314453125,24.204345703125
Key.backspace,71.831298828125,71.69140625
'n',472.674560546875,110.9970703125
';',279.022705078125,56.860595703125
';',72.859619140625,23.935791015625
Key.backspace,215.7265625,96.156494140625
Key.backspace,159.80810546875,72.51513671875
"""'""",167.886962890625,103.999755859375
't',143.997314453125,80.584716796875
Key.space,111.8671875,80.62646484375
'h',96.625244140625,96.150146484375
'e',55.96826171875,79.22412109375
'l',55.96826171875,111.450927734375
'p',151.688720703125,79.886962890625
Key.space,72.14306640625,87.147705078125
't',119.1083984375,144.007568359375
'h',88.9111328125,95.89892578125
'e',88.9111328125,79.951416015625
Key.space,119.099365234375,88.531005859375
'e',176.591796875,96.223876953125
'v',127.3798828125,72.53857421875
'i',80.5087890625,63.50732421875
'l',175.6708984375,79.92529296875
Key.space,160.62841796875,79.6826171875
's',63.5087890625,95.658203125
'm',63.5087890625,80.591796875
'i',168.23974609375,49.020751953125
'i',264.440673828125,104.39453125
Key.backspace,416.578369140625,63.4794921875
'l',96.632568359375,104.656494140625
'e',96.632568359375,95.42333984375
Key.space,72.345703125,80.257080078125
't',72.345703125,104.126220703125
'h',120.345947265625,63.44384765625
'a',63.5849609375,87.73974609375
't',56.228515625,88.09423828125
Key.space,56.228515625,79.867431640625
'p',176.347412109375,87.8642578125
'u',215.95068359375,79.703369140625
'l',256.014404296875,64.1044921875
'l',120.311767578125,63.238525390625
's',95.443359375,71.93798828125
Key.space,103.909423828125,64.209228515625
'u',136.563720703125,97.41015625
'p',112.4208984375,79.419189453125
Key.space,167.07666015625,87.908935546875
't',87.672607421875,103.7373046875
'h',87.672607421875,88.361083984375
'w',8.070068359375,55.517578125
'e',8.070068359375,71.5595703125
Key.space,79.498779296875,80.833984375
'c',88.830322265625,103.427490234375
'o',111.478759765625,47.784423828125
Key.backspace,160.1044921875,56.04248046875
Key.backspace,127.93212890625,56.578125
Key.backspace,120.03857421875,56.285400390625
Key.backspace,111.69775390625,64.54345703125
Key.space,200.2001953125,72.217041015625
'c',112.41015625,63.700439453125
'o',88.64599609375,87.390625
'r',80.990234375,96.9814453125
'n',80.990234375,86.865478515625
'e',48.114501953125,89.212890625
'r',48.114501953125,80.147216796875
's',71.98583984375,87.95458984375
Key.space,71.98583984375,79.70458984375
'o',63.658447265625,71.599853515625
'f',63.658447265625,95.647216796875
Key.space,119.861572265625,112.4404296875
'm',184.184814453125,88.666748046875
'y',71.98388671875,79.9013671875
Key.space,71.98388671875,72.480712890625
'm',184.0849609375,71.648193359375
'o',152.130859375,79.368896484375
'u',135.484130859375,80.58154296875
't',112.581298828125,79.5107421875
'h',111.772216796875,88.427734375
'.',248.34130859375,87.47216796875
Key.space,200.408447265625,39.27880859375
Key.shift_r,48.287841796875,120.232421875
'i',208.957275390625,78.506103515625
's',110.751953125,87.72265625
Key.space,103.92431640625,71.821044921875
'e',79.76025390625,96.10595703125
'y',136.28173828125,88.232666015625
'e',104.25390625,79.925048828125
's',159.810791015625,80.0517578125
Key.space,80.52197265625,87.483642578125
'a',102.718994140625,127.03955078125
'r',40.419677734375,96.374755859375
'e',88.093017578125,104.133544921875
Key.space,88.093017578125,79.676513671875
'b',119.785400390625,88.046142578125
'r',63.812744140625,79.75439453125
'i',63.812744140625,104.03076171875
'g',183.966064453125,96.57421875
'h',80.822509765625,88.822509765625
't',80.822509765625,87.1298828125
Key.space,127.346435546875,88.4853515625
'a',72.008056640625,119.357177734375
's',72.008056640625,79.647216796875
Key.space,87.65771484375,64.326904296875
'c',72.38720703125,112.100830078125
'o',119.279541015625,80.6357421875
'a',128.261962890625,96.551025390625
'l',111.7880859375,87.788330078125
's',128.402099609375,79.965087890625
"','",104.22119140625,87.9228515625
Key.space,175.495361328125,80.590576171875
'h',127.942626953125,95.93896484375
'i',105.123291015625,78.994384765625
's',111.40185546875,87.75830078125
Key.space,95.802001953125,79.90234375
'h',503.71484375,79.970947265625
'a',95.971923828125,112.7626953125
't',232.513916015625,87.8603515625
'r',48.404296875,88.673583984375
'e',48.404296875,96.268310546875
'd',143.3818359375,104.003173828125
Key.space,112.007080078125,72.75732421875
'a',86.60546875,94.544189453125
Key.space,86.60546875,63.37060546875
'l',167.720703125,80.723876953125
'i',184.5478515625,71.853271484375
'v',103.32373046875,96.403564453125
'i',104.375732421875,71.965576171875
'n',135.93701171875,80.35498046875
'g',176.0048828125,79.700927734375
Key.space,119.8515625,80.115234375
't',88.166015625,87.818359375
'h',112.763427734375,70.82421875
'i',182.780029296875,72.831787109375
'n',136.5615234375,87.860595703125
'g',143.510009765625,87.98486328125
"','",96.0146484375,79.99853515625
Key.space,176.7685546875,79.652587890625
's',24.604736328125,89.079833984375
'h',24.604736328125,87.43359375
'u',192.262451171875,79.675537109375
'm',175.468994140625,71.6171875
'm',137.137451171875,55.22998046875
Key.backspace,183.224609375,56.031005859375
Key.backspace,135.583740234375,48.252685546875
Key.backspace,103.79931640625,65.348876953125
'i',208.347900390625,79.78759765625
'm',175.890625,48.43798828125
'm',104.2744140625,71.342529296875
'e',63.71435546875,128.27490234375
'r',63.71435546875,87.719970703125
'i',63.71435546875,72.076416015625
'n',104.377197265625,87.841552734375
'g',55.447998046875,80.4384765625
Key.space,55.447998046875,71.9833984375
'i',135.979248046875,72.00244140625
'n',120.062744140625,56.20361328125
Key.space,151.84375,112.237548828125
't',80.12841796875,104.224365234375
'h',80.12841796875,79.77197265625
'e',79.941650390625,88.053955078125
Key.space,79.941650390625,71.92919921875
'a',78.9873046875,102.986572265625
'i',78.9873046875,80.02587890625
'r',111.99951171875,80.783935546875
Key.space,80.578125,88.609375
'b',80.578125,79.72412109375
'e',120.133056640625,112.074462890625
't',87.673828125,95.65576171875
'w',87.673828125,79.638671875
'e',152.230224609375,71.80126953125
'e',119.36181640625,80.432373046875
'n',88.5830078125,79.862060546875
Key.space,144.037841796875,71.5341796875
'u',144.108154296875,71.75732421875
's',103.989013671875,79.71044921875
Key.space,87.82470703125,79.48486328125
'l',175.447509765625,72.51220703125
'i',168.253173828125,64.953125
'k',135.771484375,80.63720703125
'e',112.01416015625,96.13427734375
Key.space,128.428466796875,87.98583984375
'a',103.990234375,48.25
't',144.016845703125,55.75
Key.backspace,135.547607421875,88.510498046875
Key.backspace,160.183837890625,87.97216796875
't',56.000244140625,95.41796875
'h',56.000244140625,71.457763671875
'e',56.203369140625,71.3408203125
Key.space,56.203369140625,71.4873046875
'a',72.46728515625,96.110107421875
'i',72.46728515625,72.017578125
'r',111.31689453125,72.666015625
Key.space,79.828857421875,64.61767578125
'a',96.914306640625,95.99658203125
'b',56.434326171875,79.70654296875
'o',56.434326171875,39.586669921875
'o',111.274658203125,40.3828125
'v',80.53857421875,71.5791015625
Key.backspace,223.453857421875,56.3671875
Key.backspace,127.84912109375,80.22900390625
'v',63.57958984375,88.659912109375
'e',63.57958984375,104.71435546875
Key.space,112.7119140625,87.60791015625
'b',279.576416015625,80.483642578125
'l',87.483642578125,96.334228515625
'a',62.7001953125,110.954833984375
'c',56.3564453125,96.345458984375
'k',56.3564453125,64.135498046875
Key.space,47.634765625,63.635986328125
'r',47.634765625,89.00048828125
'o',79.91845703125,87.87109375
'c',79.91845703125,96.841552734375
'k',88.837890625,96.765625
's',88.837890625,87.8505859375
Key.space,103.995361328125,63.6357421875
'o',159.6357421875,56.210693359375
'n',112.41455078125,79.48046875
Key.space,176.207275390625,79.720458984375
'a',95.87939453125,87.856689453125
Key.space,96.8173828125,62.621826171875
'l',182.524169921875,88.697265625
'b',96.70947265625,79.855712890625
'a',151.550537109375,87.912109375
Key.backspace,248.2900390625,63.6162109375
Key.backspace,119.209228515625,64.703857421875
Key.backspace,112.257568359375,88.927734375
'b',144.16357421875,96.378662109375
'l',111.53076171875,73.585693359375
'a',112.592529296875,104.202880859375
'z',128.185791015625,103.71484375
'i',111.812255859375,55.6845703125
'n',111.8583984375,88.421630859375
'g',119.837646484375,72.14306640625
Key.space,80.148681640625,64.38916015625
's',63.70166015625,79.7197265625
'u',63.70166015625,96.5361328125
'm',208.62646484375,55.746337890625
'm',119.75537109375,72.3525390625
'e',56.446044921875,111.982421875
'r',56.446044921875,79.878662109375
Key.space,87.80615234375,95.9189453125
'd',88.032470703125,96.07373046875
'a',88.032470703125,71.817138671875
'y',63.671875,71.677734375
'.',63.671875,96.047607421875
'T',9.013916015625,80.0986328125
Key.shift_r,9.013916015625,153.13720703125
'h',175.62646484375,72.546630859375
'e',152.68212890625,87.93798828125
Key.space,95.93408203125,79.33056640625
'p',96.005126953125,104.205810546875
'r',47.58056640625,103.41943359375
'e',47.58056640625,80.805908203125
's',160.076904296875,23.781005859375
'e',88.630859375,95.993408203125
'n',119.747802734375,55.701416015625
't',135.80517578125,80.3271484375
Key.space,88.1044921875,71.843017578125
'd',87.964111328125,103.56689453125
'o',79.317138671875,87.3173828125
'e',79.317138671875,56.6181640625
's',112.37255859375,95.624755859375
Key.space,31.317138671875,40.212646484375
'n',31.317138671875,104.76953125
'0',247.946044921875,40.37939453125
't',112.912109375,79.11669921875
Key.backspace,184.114013671875,47.9208984375
Key.backspace,119.492431640625,88.20703125
'o',167.8642578125,79.924560546875
't',120.485595703125,88.318359375
Key.space,72.001220703125,80.026611328125
'e',72.001220703125,72.314697265625
'x',96.37841796875,111.3701171875
'i',96.37841796875,79.847900390625
's',94.845703125,88.794921875
't',47.971923828125,72.025390625
Key.space,47.971923828125,72.2314453125
'i',153.816162109375,70.4130859375
'n',110.829345703125,63.402099609375
Key.space,159.441162109375,72.53857421875
'a',88.441162109375,96.4443359375
'n',88.441162109375,79.87451171875
Key.space,152.16015625,71.792236328125
'o',168.578857421875,79.608642578125
'b',64.392333984375,87.689208984375
'j',64.392333984375,87.643798828125
'e',103.724365234375,88.11181640625
'c',112.31787109375,63.962646484375
't',151.860595703125,63.92919921875
'i',72.02783203125,79.6865234375
'v',80.48583984375,95.637939453125
'e',80.48583984375,95.95654296875
Key.space,79.965576171875,87.981689453125
's',79.965576171875,80.36279296875
'e',135.92626953125,63.638427734375
'n',89.072265625,96.0673828125
's',89.072265625,70.801513671875
'e',134.76806640625,88.745361328125
Key.space,95.946044921875,88.917236328125
'a',120.233154296875,88.026611328125
'n',95.96728515625,72.062255859375
'y',120.056884765625,80.182373046875
Key.space,136.521728515625,80.056396484375
'm',112.087158203125,71.942626953125
'o',63.435791015625,71.379150390625
'r',40.05078125,88.442626953125
'e',40.05078125,103.776611328125
Key.space,41.272216796875,56.279541015625
't',94.871337890625,102.87548828125
'h',94.871337890625,80.52001953125
'a',88.0,96.017822265625
'n',88.0,64.014892578125
Key.space,143.142333984375,88.656005859375
'h',63.119384765625,79.1171875
'e',71.585693359375,95.51416015625
'r',111.816650390625,152.204345703125
'e',111.816650390625,72.745849609375
Key.space,80.746337890625,80.141357421875
'e',98.133056640625,69.71533203125
'x',141.54638671875,103.772705078125
'i',111.918701171875,71.801025390625
's',95.996826171875,95.7666015625
't',136.03125,96.4306640625
's',136.571533203125,95.175048828125
Key.space,103.204833984375,79.99267578125
'o',296.713623046875,120.377197265625
'b',175.377197265625,88.092529296875
'j',71.60693359375,87.64453125
'e',71.60693359375,96.655517578125
'c',120.042724609375,48.5849609375
't',152.669921875,63.944580078125
'i',71.911865234375,63.514404296875
'v',112.462158203125,87.4267578125
'e',95.426025390625,111.697021484375
'l',135.865478515625,96.18017578125
'y',120.3154296875,79.389404296875
"','",135.77734375,95.980224609375
Key.space,200.35205078125,87.869140625
'b',80.4189453125,96.428955078125
'u',80.4189453125,79.894287109375
't',56.149169921875,72.29638671875
Key.space,56.149169921875,63.821044921875
't',112.3701171875,63.877197265625
'h',79.83544921875,88.0478515625
'e',136.423583984375,87.748046875
Key.space,94.77685546875,88.656494140625
'm',112.98486328125,71.27685546875
'i',72.540771484375,79.533935546875
'c',72.540771484375,55.16943359375
'r',72.56982421875,88.468505859375
'o',72.56982421875,71.91796875
's',127.497802734375,96.61865234375
'c',296.720947265625,79.791259765625
'o',95.98828125,88.150146484375
'p',159.168212890625,80.57373046875
'i',192.0654296875,63.998779296875
'c',144.5390625,95.93017578125
Key.space,103.954833984375,71.512451171875
'i',175.81103515625,72.037109375
'n',120.2685546875,56.245361328125
Key.backspace,264.32177734375,63.494384765625
't',199.75,23.997314453125
Key.backspace,207.77197265625,72.294189453125
'n',80.01416015625,88.01318359375
't',80.01416015625,72.135986328125
'e',55.630126953125,103.5439453125
'r',55.630126953125,71.329345703125
'a',88.558349609375,119.958251953125
'c',88.558349609375,55.412353515625
't',40.374267578125,55.584716796875
'i',40.374267578125,95.42041015625
'o',207.724609375,104.098388671875
'n',160.413330078125,87.387939453125
's',95.4619140625,96.821044921875
Key.space,103.798828125,64.333740234375
'w',63.82177734375,121.41455078125
'i',63.82177734375,113.083740234375
't',72.442626953125,103.731689453125
'h',72.442626953125,95.27978515625
'i',391.30322265625,72.62451171875
'n',144.765869140625,47.610595703125
Key.space,144.114013671875,95.021728515625
'r',16.139404296875,39.50146484375
't',47.5068359375,87.880859375
'h',47.5068359375,64.23291015625
Key.backspace,328.45263671875,55.427734375
Key.backspace,119.223876953125,64.42724609375
'h',320.648681640625,55.58984375
'e',127.45361328125,72.58349609375
Key.space,128.2255859375,72.43212890625
'w',87.68310546875,95.682861328125
'o',87.68310546875,80.022705078125
'r',112.215087890625,79.048828125
'l',87.946044921875,79.68701171875
'd',80.397216796875,96.395263671875
Key.space,80.397216796875,55.51220703125
'p',168.363525390625,63.521240234375
'p',223.20849609375,104.254638671875
Key.backspace,272.260986328125,64.02783203125
'r',127.69873046875,96.121337890625
'o',167.874755859375,32.03173828125
'm',311.757568359375,71.999755859375
'p',167.96875,80.029296875
't',160.77880859375,87.998046875
Key.space,111.96923828125,63.999267578125
't',79.99658203125,87.968505859375
'h',79.99658203125,71.78515625
'e',103.793701171875,79.839599609375
Key.space,112.132568359375,87.90380859375
'm',71.40869140625,80.38720703125
'e',80.497802734375,135.810546875
'r',80.497802734375,79.318603515625
'g',183.407470703125,40.0029296875
Key.backspace,144.261962890625,56.239990234375
Key.backspace,135.662109375,48.637451171875
Key.backspace,103.917724609375,56.93212890625
Key.backspace,111.951171875,88.045654296875
'e',112.044189453125,96.623779296875
'm',104.719482421875,87.615234375
'e',63.58740234375,144.201171875
'r',63.58740234375,88.55419921875
'g',176.6611328125,79.632080078125
'e',152.23681640625,87.558837890625
'n',103.557861328125,87.87353515625
'c',79.685791015625,111.982666015625
'e',40.390869140625,72.322021484375
Key.space,40.390869140625,72.5029296875
'o',168.694091796875,79.27734375
'f',87.403076171875,88.203857421875
Key.space,104.19384765625,64.257568359375
't',88.620849609375,103.841796875
'e',88.620849609375,71.892333984375
'm',79.082275390625,64.594482421875
'p',168.281494140625,81.41162109375
'r',440.678466796875,71.72119140625
'o',119.310546875,16.59619140625
Key.backspace,128.174560546875,56.352294921875
Key.backspace,328.05224609375,79.6650390625
'i',8.0,71.450439453125
'o',8.0,71.419677734375
'r',87.66162109375,112.748291015625
Key.backspace,191.912841796875,64.000732421875
Key.backspace,127.57568359375,64.887451171875
Key.backspace,80.874755859375,71.124755859375
'o',255.527587890625,103.8095703125
'r',111.804443359375,96.126953125
'a',63.864501953125,113.37109375
'l',63.864501953125,96.666015625
Key.space,184.310791015625,64.070068359375
'p',79.66796875,95.5712890625
'h',79.66796875,88.431396484375
'e',127.82568359375,111.9755859375
'n',207.976318359375,95.998291015625
'o',183.99951171875,96.688232421875
'm',184.665283203125,103.233154296875
'e',215.25537109375,96.12841796875
'n',136.615478515625,71.2880859375
'a',127.31689453125,88.332275390625
Key.space,144.73681640625,71.665771484375
'w',87.90673828125,95.818115234375
'h',224.2265625,95.60791015625
Key.backspace,335.121826171875,64.6171875
'i',71.9736328125,80.02783203125
't',71.9736328125,63.653564453125
'h',120.175048828125,79.792724609375
'i',87.793701171875,55.568115234375
'n',112.07373046875,79.629150390625
Key.space,160.25732421875,80.016357421875
'a',88.0556640625,96.0576171875
Key.space,88.0556640625,71.99853515625
's',136.58642578125,95.879638671875
'y',175.940673828125,87.999267578125
's',159.3515625,56.51904296875
't',96.936279296875,144.830078125
'e',79.560791015625,95.70458984375
'm',79.560791015625,79.8515625
Key.space,143.6923828125,80.606689453125
'(',120.096435546875,95.679443359375
Key.shift_r,120.096435546875,224.043701171875
'f',456.25146484375,79.9228515625
'o',80.075927734375,88.072998046875
'r',79.444580078125,87.3427734375
Key.space,79.444580078125,64.3076171875
'i',143.99560546875,64.173828125
'n',16.035888671875,71.9501953125
's',16.035888671875,95.39990234375
't',103.303466796875,120.15478515625
'a',63.79541015625,96.164306640625
'n',63.79541015625,88.6845703125
'c',70.99951171875,127.9130859375
'e',70.99951171875,88.153564453125
"','",96.200439453125,88.4931640625
Key.space,152.59716796875,71.72314453125
'o',167.819091796875,71.811767578125
'u',79.8173828125,88.81494140625
'r',79.8173828125,88.128662109375
's',168.2509765625,72.3837890625
'e',135.85791015625,96.20947265625
'l',112.38623046875,88.96875
'v',70.537353515625,110.889892578125
'e',70.537353515625,80.673583984375
's',160.0009765625,80.7431640625
')',199.54931640625,103.8359375
Key.shift_r,199.54931640625,326.969970703125
Key.space,344.023193359375,80.20068359375
'w',176.035400390625,87.625732421875
'h',200.099365234375,79.144775390625
'i',111.38818359375,88.721435546875
'c',55.027099609375,88.01953125
'h',55.027099609375,73.160400390625
Key.space,152.84423828125,71.24462890625
'o',176.514892578125,55.447021484375
'n',119.843017578125,72.308837890625
'l',80.352783203125,88.252197265625
'y',15.923095703125,56.59228515625
'u',15.923095703125,80.51611328125
Key.space,72.593017578125,71.237548828125
Key.backspace,255.271728515625,72.35107421875
Key.backspace,136.380615234375,55.81640625
Key.backspace,119.75927734375,88.743408203125
'y',112.923583984375,95.549072265625
Key.space,127.54638671875,80.000732421875
'i',167.9794921875,64.287841796875
'n',112.86767578125,78.69970703125
't',86.641845703125,80.408447265625
'e',72.688720703125,119.900390625
'r',72.688720703125,95.4150390625
'a',80.49853515625,128.117431640625
'c',80.49853515625,63.736083984375
't',159.47021484375,55.71630859375
's',96.5830078125,104.71337890625
Key.space,127.1748046875,95.946044921875
't',112.092529296875,88.8671875
'h',160.3798828125,79.6005859375
'r',103.776611328125,88.0048828125
'o',120.47509765625,80.0732421875
'u',223.469482421875,88.09375
'g',87.522705078125,102.731201171875
'h',87.522705078125,87.20751953125
't',143.517822265625,40.30810546875
Key.space,72.408447265625,63.9541015625
Key.backspace,303.986083984375,55.77734375
Key.backspace,120.04541015625,71.50439453125
Key.space,192.201171875,79.662109375
't',96.03857421875,112.037841796875
'g',23.998779296875,16.001220703125
'h',23.998779296875,63.23486328125
'e',80.199462890625,63.5791015625
Key.space,135.341552734375,40.469970703125
Key.backspace,167.977294921875,56.52294921875
Key.backspace,128.1689453125,56.177978515625
Key.backspace,119.51904296875,64.447998046875
'e',208.929443359375,72.466796875
Key.space,103.70654296875,95.77880859375
'm',136.256591796875,72.333251953125
'e',104.400390625,78.989013671875
'd',64.5498046875,88.549560546875
'i',64.5498046875,104.601806640625
'u',199.7958984375,63.714111328125
'm',536.099853515625,104.83203125
Key.space,215.5068359375,63.735107421875
'o',143.701416015625,72.52734375
'f',80.6298828125,96.51318359375
Key.space,111.732666015625,72.348388671875
'a',104.400390625,104.009033203125
Key.space,112.01025390625,79.655517578125
'm',135.988525390625,79.53369140625
'y',176.453125,87.294189453125
'r',87.660400390625,103.617431640625
'i',87.660400390625,96.705322265625
'a',104.86083984375,127.845703125
'd',104.86083984375,79.66357421875
Key.space,95.584228515625,71.247802734375
'o',87.55712890625,95.57421875
'f',87.55712890625,96.36328125
Key.space,71.758544921875,79.75439453125
'v',71.758544921875,80.538330078125
'a',96.455322265625,104.4365234375
'r',55.65380859375,71.8154296875
'i',71.71630859375,79.80224609375
'a',71.71630859375,80.59228515625
'b',128.310791015625,71.85693359375
'l',80.06689453125,95.379638671875
'e',80.06689453125,79.371826171875
's',144.103515625,95.753662109375
'.',103.8916015625,79.2470703125
Key.space,191.41064453125,80.566650390625
Key.shift_r,200.874755859375,271.927001953125
'y',7.004150390625,62.555908203125
'u',7.004150390625,63.65185546875
'r',87.586181640625,96.998779296875
Key.backspace,208.931884765625,47.27734375
Key.backspace,103.305419921875,95.8857421875
Key.backspace,560.284423828125,95.8408203125
'u',199.751220703125,88.3896484375
'r',128.669677734375,95.64111328125
Key.space,126.991455078125,80.5341796875
'm',200.286376953125,71.962646484375
'e',88.071044921875,96.286376953125
'm',120.36083984375,71.44140625
'o',167.378662109375,72.9970703125
'r',89.0048828125,71.639404296875
'y',151.091552734375,64.02783203125
Key.space,104.5888671875,56.2109375
'a',79.996337890625,104.079833984375
'n',79.996337890625,71.411376953125
'd',55.6259765625,87.638671875
Key.space,55.6259765625,64.23486328125
'o',144.805419921875,87.688720703125
'u',159.12109375,72.10302734375
'r',88.3623046875,80.439208984375
Key.space,111.676025390625,80.411865234375
'c',79.87939453125,96.0166015625
'o',79.87939453125,71.805419921875
'n',79.99072265625,88.92919921875
's',103.904296875,119.860595703125
'c',103.904296875,88.109619140625
'i',128.389404296875,103.80126953125
'o',216.258544921875,103.725830078125
'u',192.11474609375,79.25146484375
's',160.71728515625,86.56103515625
'n',134.8515625,79.87890625
'e',120.09375,71.605712890625
's',135.231201171875,72.60302734375
's',119.948974609375,80.838134765625
Key.space,80.55810546875,88.563232421875
'a',80.55810546875,120.384521484375
'r',55.908203125,112.441162109375
'e',55.908203125,79.775390625
Key.space,160.703125,87.406982421875
'b',199.065185546875,72.623779296875
'u',88.65283203125,95.702880859375
'i',208.709716796875,55.28369140625
'l',167.3740234375,88.669677734375
't',111.869140625,79.370849609375
Key.space,87.47265625,71.876220703125
'o',160.665771484375,71.671630859375
'n',119.944580078125,71.92724609375
Key.space,79.59716796875,95.934326171875
't',96.0703125,104.071044921875
'h',72.171142578125,80.166259765625
'e',72.171142578125,88.431640625
's',159.672119140625,56.50146484375
'e',128.61572265625,71.519775390625
Key.space,48.412353515625,79.473876953125
's',48.412353515625,103.9453125
't',167.744140625,79.684814453125
'a',55.1884765625,79.427001953125
't',55.1884765625,95.915283203125
'i',145.412841796875,62.516357421875
's',574.93896484375,63.839599609375
't',120.226318359375,79.49560546875
'i',120.57421875,71.091796875
'c',80.124755859375,104.248046875
'a',56.102783203125,104.10400390625
'l',56.102783203125,96.131103515625
Key.space,167.784912109375,71.51025390625
'p',199.728515625,87.987060546875
'h',129.4287109375,102.795654296875
'e',167.33154296875,95.3837890625
'n',183.20703125,87.817626953125
'o',209.02490234375,70.901123046875
'm',159.574462890625,80.252197265625
'e',111.626220703125,96.3515625
'n',112.35302734375,71.68408203125
'a',95.900146484375,72.10595703125
'.',279.927978515625,88.15576171875
